state,state_abb,unins_all_pct_10,unins_all_pct_15,unins_all_decr_pct,unins_all_decr,cov_emp,cov_parents_plan,lifetime_lim_preACA_tot,lifetime_lim_preACA_child,lifetime_lim_preACA_adultM,lifetime_lim_preACA_adultF,cov_private_tot,cov_private_child,cov_private_adultM,cov_private_adultF,premium_emp_avg_growth_pct_00to10,premium_emp_avg_growth_pct_10to15,premium_emp_savings_15,premium_emp_savings_16,MLR_rebate_beneficiaries_12,MLR_rebate_amt_12,MLR_rebate_beneficiaries_13,MLR_rebate_amt_13,MLR_rebate_beneficiaries_14,MLR_rebate_amt_14,MLR_rebate_beneficiaries_15,MLR_rebate_amt_15,MLR_rebate_amt_12to15,medicaid_enroll_13,medicaid_enroll_16,medicaid_enroll_child_13,medicaid_enroll_incr_13to16,medicaid_full_duals,medicaid_partial_duals,medicaid_full_or_partial_duals,state_has_expanded,insurance_incr_medicaid,cholest_scr_incr_medicaid,mammogram_incr_medicaid,papsmear_incr_medicaid,clinic_care_incr_medicaid,all_care_incr_medicaid,phycisian_visit_ann_incr_medicaid,depression_decr_medicaid,good_health_incr_medicaid,deaths_ann_decr_medicaid,catastrophic_oop_ann_decr_medicaid,indebted_ppl_decr_medicaid,fed_spending_net_incr_inMil,uncompensated_care_decr_inMil,mental_substance_elig_medicaid_share,mental_substance_elig_medicaid,preexisting_condition_09,cov_mkt_plan_16,cov_mkt_16,receive_tax_credit,avg_tax_credit,receive_cost_sharing,avg_num_mkt_plans_avail_17,cov_mkt_under75D_pct,cov_mkt_under100D_pct,cov_offmkt_elig_tax_credit,rate_review_funds_to_state,HIECP_grant_award_to_state,medicare_enroll_16,medicare_benef_donuthole,medicare_benef_donuthole_savings_tot,medicare_benef_donuthole_savings_avg,medicare_partB_free_prev_services,medicare_partB_free_prev_services_share,medicare_incr_readmit_rate,medicare_avoided_readmit,accountable_care_org_num
Alabama ,AL,14.6,10.1,4.5,215e3,2545e3,35e3,1566e3,396e3,561e3,609e3,2140837.0,422895.0,831232.0,886709.0,7.1,5.2,1500.0,2200.0,0.0,0.0,0.0,0.0,0.0,0.0,0.0,0.0,0.0,799176.0,910775.0,645400.0,111599.0,86609.0,122109.0,208718.0,FALSE,177e3,25800.0,7e3,10700.0,42e3,2e4,478e3,16e3,24e3,210.0,7900.0,25200.0,1240.0,190.0,0.303,85e3,2040458.0,195055.0,165534.0,152206.0,310.0,125424.0,6.0,0.89,0.9,33e3,1e6,NA,989855.0,90556.0,97330073.0,1075.0,531567.0,0.742,-5.8,1503.119999999999,9.0
Alaska ,AK,19.9,14.9,5.0,36e3,39e4,6e3,237e3,64e3,87e3,86e3,316518.0,66269.0,126100.0,124149.0,NA,8.2,NA,NA,1845.0,708637.0,0.0,0.0,0.0,0.0,0.0,0.0,708637.0,122334.0,166625.0,81161.0,44291.0,15634.0,504.0,16138.0,TRUE,17e3,2500.0,600.0,1e3,4e3,2e3,46e3,2e3,2e3,20.0,800.0,2400.0,90.0,20.0,NA,NA,318926.0,23029.0,17995.0,16205.0,750.0,7500.0,5.0,0.79,0.82,5e3,NA,629841.0,88966.0,3094.0,3184420.0,1029.0,46876.0,0.587,-5.5,78.32999999999993,1.0
Arizona ,AZ,16.9,10.8,6.1,41e4,3288e3,5e4,2091e3,57e4,752e3,769e3,2726206.0,598585.0,1066492.0,1061129.0,7.4,4.2,2900.0,3800.0,341797.0,16179486.0,256536.0,8248311.0,238461.0,8301175.0,11492.0,4142421.0,36871393.0,1201770.0,1716198.0,NA,514428.0,151001.0,49213.0,200214.0,TRUE,44e3,6400.0,2200.0,2700.0,1e4,5e3,118e3,4e3,6e3,50.0,2e3,6200.0,570.0,50.0,NA,NA,2794358.0,203066.0,179445.0,124346.0,230.0,94463.0,4.0,0.74,0.78,33e3,4179e3,NA,1175624.0,96954.0,93694466.0,966.0,481230.0,0.703,-10.8,2270.126,10.0
Arkansas ,AR,17.5,9.5,8.0,234e3,1365e3,21e3,865e3,219e3,313e3,333e3,1102338.0,225176.0,430226.0,446936.0,6.4,3.8,1900.0,2400.0,110844.0,2629919.0,44206.0,4519181.0,40087.0,5143882.0,44160.0,3101489.0,15394471.0,556851.0,920194.0,436815.0,363343.0,66243.0,60445.0,126688.0,TRUE,122e3,17800.0,4800.0,7300.0,29e3,14e3,33e4,11e3,16e3,150.0,5500.0,17400.0,1060.0,130.0,NA,NA,1239180.0,73648.0,63357.0,56843.0,306.0,36134.0,24.0,0.52,0.62,29e3,9187892.0,NA,606146.0,40658.0,36436080.0,896.0,337214.0,0.712,-6.2,993.4739999999983,11.0
California,CA,18.5,8.6,9.9,3826e3,19552e3,294e3,12092e3,3255e3,4389e3,4448e3,15867909.0,3351780.0,6191627.0,6324503.0,8.3,5.5,2500.0,3600.0,1088504.0,47272420.0,422403.0,8696667.0,230786.0,32235960.0,287077.0,36705696.0,124910743.0,7755381.0,11843081.0,5102963.0,4087700.0,1360665.0,39969.0,1400634.0,TRUE,1188e3,173100.0,42100.0,74200.0,282e3,136e3,3208e3,109e3,158e3,1430.0,53200.0,169e3,5790.0,1250.0,NA,NA,16133192.0,1575340.0,1415428.0,1239893.0,309.0,707671.0,30.0,NA,NA,313e3,11697197.0,1844585.0,5829777.0,419078.0,437630655.0,1044.0,2202117.0,0.685,-5.7,5580.207999999999,29.0
Colorado,CO,15.9,8.1,7.8,419e3,2949e3,4e4,1902e3,521e3,685e3,696e3,2519638.0,556491.0,972911.0,990235.0,7.0,4.8,1900.0,2600.0,112067.0,10189712.0,14926.0,1474433.0,97387.0,4918285.0,5320.0,1588937.0,18171367.0,783420.0,1375264.0,629223.0,591844.0,74964.0,38443.0,113407.0,TRUE,132e3,19200.0,4400.0,7700.0,31e3,15e3,355e3,12e3,18e3,160.0,5900.0,18700.0,870.0,140.0,NA,NA,2250003.0,150769.0,108311.0,67062.0,318.0,28929.0,NA,NA,NA,52e3,8580311.0,1328508.0,820234.0,59459.0,58449048.0,983.0,323128.0,0.676,-9.2,1098.7239999999983,7.0
Connecticut,CT,9.1,6.0,3.1,11e4,2148e3,25e3,1386e3,367e3,494e3,525e3,1819938.0,364693.0,708801.0,746444.0,7.4,4.2,3e3,4e3,21613.0,4266585.0,31734.0,2638239.0,22166.0,1834954.0,0.0,0.0,8739778.0,NA,761137.0,306614.0,NA,76781.0,93516.0,170297.0,TRUE,72e3,10500.0,2700.0,4300.0,17e3,8e3,194e3,7e3,1e4,90.0,3200.0,10200.0,710.0,80.0,NA,NA,1554628.0,116019.0,102917.0,80759.0,357.0,52132.0,17.0,NA,NA,15e3,1e6,NA,644136.0,66843.0,78487237.0,1174.0,344091.0,0.773,-7.7,1306.0519999999997,12.0
Delaware ,DE,9.7,5.9,3.8,35e3,564e3,7e3,32e4,86e3,113e3,121e3,417265.0,84080.0,161610.0,171575.0,NA,5.2,NA,NA,2186.0,727951.0,3176.0,242249.0,12110.0,1470435.0,3805.0,151507.0,2592142.0,223324.0,236702.0,103587.0,13378.0,13646.0,15325.0,28971.0,TRUE,6e3,900.0,300.0,400.0,1e3,1e3,16e3,1e3,1e3,10.0,300.0,900.0,170.0,10.0,NA,NA,383607.0,28256.0,25379.0,21467.0,330.0,11146.0,19.0,0.55,0.63,5e3,2178976.0,NA,186835.0,24223.0,28586178.0,1180.0,133283.0,0.808,-10.3,574.7179999999998,7.0
Florida ,FL,21.3,13.3,8.0,1597e3,8847e3,132e3,5587e3,1411e3,2006e3,217e4,7289873.0,1423940.0,2841807.0,3024126.0,8.2,1.3,6300.0,7600.0,297061.0,14794868.0,622688.0,23692538.0,592343.0,33422223.0,615309.0,37373499.0,109283128.0,3104996.0,3644673.0,2462518.0,539677.0,374140.0,397515.0,771655.0,FALSE,75e4,109300.0,31200.0,46100.0,178e3,86e3,2025e3,69e3,1e5,900.0,33600.0,106700.0,5900.0,790.0,0.277,309e3,7838642.0,1742819.0,1531714.0,1428712.0,305.0,1125850.0,55.0,0.8,0.84,153e3,NA,NA,4149593.0,355360.0,350888326.0,987.0,1826053.0,0.752,-2.7,3161.0339999999997,49.0
Georgia ,GA,19.7,13.9,5.8,581e3,524e4,74e3,3317e3,916e3,1145e3,1256e3,4187077.0,883809.0,1598625.0,1704643.0,7.0,5.7,1100.0,1800.0,111390.0,10609166.0,124226.0,5629096.0,28337.0,2033244.0,203158.0,7369544.0,25641050.0,1535090.0,1782301.0,1253841.0,247211.0,137671.0,168076.0,305747.0,FALSE,389e3,56700.0,13900.0,23500.0,92e3,44e3,105e4,36e3,52e3,470.0,17400.0,55300.0,2850.0,410.0,0.25,159e3,4323897.0,587845.0,478016.0,427353.0,291.0,322348.0,32.0,0.76,0.81,95e3,NA,NA,1574058.0,141609.0,148784101.0,1051.0,751478.0,0.728,-7.4,2452.875,19.0
Hawaii,HI,7.9,4.0,3.9,54e3,867e3,9e3,462e3,115e3,174e3,173e3,631152.0,120194.0,254510.0,256448.0,NA,5.8,NA,NA,39589.0,1551371.0,67722.0,4889432.0,1377.0,1395611.0,1273.0,1156997.0,8993411.0,288357.0,341200.0,144895.0,52843.0,33543.0,5035.0,38578.0,TRUE,33e3,4900.0,1400.0,1900.0,8e3,4e3,9e4,3e3,4e3,40.0,1500.0,4700.0,280.0,40.0,NA,NA,560494.0,14564.0,13313.0,10958.0,270.0,8067.0,22.0,0.71,0.76,7e3,8202387.0,1210906.86,252514.0,23762.0,30027279.0,1264.0,79163.0,0.672,-13.4,315.05099999999993,0.0
Idaho,ID,17.7,11.0,6.7,109e3,836e3,11e3,566e3,173e3,195e3,198e3,699703.0,170463.0,267497.0,261743.0,NA,8.0,NA,NA,27291.0,2085935.0,29289.0,1341917.0,0.0,0.0,0.0,0.0,3427852.0,238150.0,293905.0,215357.0,55755.0,25961.0,17188.0,43149.0,FALSE,59e3,8600.0,2500.0,3600.0,14e3,7e3,159e3,5e3,8e3,70.0,2600.0,8400.0,300.0,60.0,0.39,3e4,662319.0,101073.0,94270.0,82802.0,265.0,58781.0,NA,NA,NA,15e3,NA,NA,294284.0,19821.0,17584133.0,887.0,121236.0,0.646,-2.4,78.375,5.0
Illinois ,IL,13.8,7.1,6.7,85e4,7359e3,91e3,467e4,1192e3,1735e3,1743e3,5883105.0,1189924.0,2312855.0,2380326.0,7.4,3.2,3800.0,4700.0,87108.0,3230602.0,46455.0,4504395.0,7409.0,1820520.0,12883.0,1788113.0,11343630.0,2626943.0,3117939.0,1457307.0,490996.0,308374.0,45716.0,354090.0,TRUE,34e4,49600.0,12600.0,20300.0,81e3,39e3,919e3,31e3,45e3,410.0,15200.0,48400.0,1760.0,360.0,NA,NA,5635622.0,388179.0,335243.0,259701.0,237.0,156469.0,29.0,0.53,0.6,13e4,4531085.0,1377567.36,2118300.0,196727.0,204732932.0,1041.0,1185594.0,0.744,-12.1,8107.779999999999,29.0
Indiana ,IN,14.8,9.6,5.2,339e3,3825e3,5e4,2259e3,615e3,822e3,822e3,2915827.0,627525.0,1121576.0,1166726.0,7.7,4.3,3e3,3900.0,264505.0,21710342.0,248410.0,11425200.0,249420.0,11630435.0,216856.0,7813231.0,52579208.0,1120674.0,1489805.0,782960.0,369131.0,133444.0,57334.0,190778.0,TRUE,224e3,32600.0,7700.0,13e3,53e3,26e3,605e3,2e4,3e4,270.0,1e4,31800.0,1170.0,240.0,NA,NA,2796375.0,196242.0,168884.0,139437.0,259.0,77251.0,44.0,0.48,0.56,45e3,6069752.0,1297729.08,1181014.0,123302.0,127674560.0,1035.0,637488.0,0.733,-7.5,2473.9339999999975,24.0
Iowa ,IA,9.3,5.0,4.3,132e3,1862e3,24e3,1187e3,311e3,443e3,433e3,1530502.0,322124.0,604268.0,604110.0,7.4,4.2,2700.0,3500.0,1654.0,138914.0,11328.0,1101411.0,0.0,0.0,20058.0,1512470.0,2752795.0,493515.0,619055.0,300017.0,125540.0,64818.0,18432.0,83250.0,TRUE,17e3,2500.0,600.0,1e3,4e3,2e3,46e3,2e3,2e3,20.0,800.0,2400.0,270.0,20.0,NA,NA,1290303.0,55089.0,48949.0,42595.0,307.0,25677.0,15.0,0.65,0.71,41e3,NA,NA,587780.0,55670.0,53282941.0,957.0,370648.0,0.767,-6.5,909.6800000000003,9.0
Kansas ,KS,13.9,9.1,4.8,137e3,1659e3,22e3,1021e3,279e3,368e3,374e3,1310249.0,290340.0,495399.0,524509.0,8.0,4.5,3e3,4e3,27097.0,1294972.0,28039.0,1328139.0,17559.0,1530640.0,2959.0,1385988.0,5539739.0,378160.0,421638.0,298723.0,43478.0,38849.0,24240.0,63089.0,FALSE,77e3,11200.0,2400.0,4400.0,18e3,9e3,208e3,7e3,1e4,90.0,3400.0,10900.0,300.0,80.0,0.313,34e3,1213671.0,101555.0,89566.0,75815.0,247.0,53034.0,13.0,0.69,0.74,28e3,4130296.0,NA,499753.0,46642.0,43407473.0,931.0,299776.0,0.724,-9.8,1360.5120000000006,9.0
Kentucky,KY,15.3,6.0,9.3,404e3,2316e3,31e3,1414e3,362e3,524e3,528e3,1884719.0,378519.0,743303.0,762897.0,6.5,4.5,1700.0,2300.0,97499.0,3439372.0,100523.0,1176180.0,51330.0,858981.0,0.0,0.0,5474533.0,606805.0,1220788.0,555243.0,613983.0,96363.0,77948.0,174311.0,TRUE,151e3,22e3,5600.0,8800.0,36e3,17e3,409e3,14e3,2e4,180.0,6800.0,21500.0,1640.0,160.0,NA,NA,1894874.0,93666.0,74640.0,56488.0,258.0,32186.0,11.0,NA,NA,17e3,7977522.0,873652.0,881938.0,89343.0,99034242.0,1108.0,461771.0,0.731,-9.1,2383.6670000000013,22.0
Louisiana ,LA,17.8,11.9,5.9,269e3,2295e3,34e3,1411e3,385e3,488e3,538e3,1743084.0,358711.0,670731.0,713642.0,7.3,5.4,1600.0,2400.0,75541.0,1257332.0,113734.0,3837750.0,52201.0,219013.0,0.0,0.0,5314095.0,1019787.0,1328708.0,758432.0,308921.0,104841.0,99904.0,204745.0,TRUE,193e3,28100.0,7600.0,11600.0,46e3,22e3,521e3,18e3,26e3,230.0,8600.0,27400.0,1070.0,200.0,NA,NA,1951886.0,214148.0,184403.0,170806.0,362.0,118597.0,19.0,0.81,0.84,34e3,3e6,NA,817272.0,73530.0,72702732.0,989.0,387587.0,0.713,-9.6,2013.3359999999993,10.0
Maine ,ME,10.1,8.4,1.7,22e3,702e3,8e3,431e3,103e3,156e3,172e3,588281.0,107573.0,229386.0,251322.0,NA,2.0,NA,NA,8796.0,501240.0,19542.0,1845006.0,4449.0,160821.0,0.0,0.0,2507067.0,NA,273160.0,115217.0,NA,52077.0,35702.0,87779.0,FALSE,4e4,5800.0,1900.0,2500.0,1e4,5e3,108e3,4e3,5e3,50.0,1800.0,5700.0,430.0,40.0,NA,NA,590266.0,84059.0,75240.0,63896.0,342.0,42880.0,25.0,0.6,0.68,1e4,4800098.0,NA,315160.0,18970.0,18712752.0,986.0,165892.0,0.714,-3.7,231.9310000000005,6.0
Maryland,MD,11.3,6.6,4.7,278e3,37e5,41e3,2251e3,585e3,794e3,872e3,2953834.0,582300.0,1146439.0,1225095.0,6.7,5.2,1300.0,2e3,105405.0,6244641.0,153791.0,12132398.0,123464.0,17654815.0,288534.0,45189590.0,81221444.0,856297.0,1252304.0,592836.0,396007.0,83164.0,53545.0,136709.0,TRUE,115e3,16800.0,4e3,7e3,27e3,13e3,312e3,11e3,15e3,140.0,5200.0,16400.0,1330.0,120.0,NA,NA,2542844.0,162177.0,135208.0,100844.0,243.0,72175.0,NA,NA,NA,31e3,9035636.2,249070.0,960848.0,86073.0,99702303.0,1158.0,604509.0,0.758,-10.4,3788.6100000000006,26.0
Massachusetts,MA,4.4,2.8,1.6,107e3,4232e3,52e3,252e4,633e3,912e3,975e3,3399092.0,654577.0,1332122.0,1412394.0,7.1,4.8,2100.0,3e3,173454.0,34250845.0,171224.0,12285220.0,83499.0,10093885.0,3935.0,157139.0,56787089.0,1296359.0,1684328.0,672309.0,387969.0,277682.0,21826.0,299508.0,TRUE,2e3,200.0,100.0,100.0,NA,NA,5e3,NA,NA,NA,100.0,200.0,670.0,NA,NA,NA,2931068.0,213883.0,207121.0,157751.0,190.0,132721.0,53.0,NA,NA,22e3,8959049.0,1206525.03,1252277.0,83303.0,86517318.0,1039.0,725251.0,0.789,-5.8,2213.3099999999977,14.0
Michigan ,MI,12.4,6.1,6.3,618e3,5876e3,73e3,3547e3,977e3,1255e3,1315e3,4543547.0,957503.0,1742639.0,1843405.0,6.8,3.5,2600.0,3300.0,120215.0,8267803.0,85443.0,5460961.0,376228.0,17934552.0,595356.0,31440160.0,63103476.0,1912009.0,2300958.0,941328.0,388949.0,252704.0,44749.0,297453.0,TRUE,181e3,26400.0,6e3,10200.0,43e3,21e3,489e3,17e3,24e3,220.0,8100.0,25800.0,1460.0,190.0,NA,NA,4394173.0,345813.0,313123.0,275080.0,233.0,164725.0,62.0,0.65,0.73,62e3,9544541.0,1024301.64,1947787.0,212075.0,249358887.0,1176.0,949718.0,0.741,-3.2,1767.2719999999972,25.0
Minnesota,MN,9.1,4.5,4.6,25e4,3319e3,38e3,2043e3,553e3,736e3,754e3,2761583.0,609487.0,1076734.0,1075362.0,7.2,4.0,2700.0,3600.0,1101.0,451574.0,1915.0,523254.0,0.0,0.0,1508.0,65797.0,1040625.0,873040.0,1051509.0,519101.0,178469.0,117508.0,16914.0,134422.0,TRUE,36e3,5200.0,1100.0,2200.0,9e3,4e3,97e3,3e3,5e3,40.0,1600.0,5100.0,400.0,40.0,NA,NA,2318738.0,83507.0,74060.0,47266.0,203.0,12128.0,18.0,NA,NA,43e3,8254221.0,1160020.69,944222.0,73484.0,72072204.0,981.0,271698.0,0.684,-7.0,1434.8250000000007,8.0
Mississippi ,MS,18.2,12.7,5.5,161e3,1326e3,22e3,844e3,223e3,294e3,327e3,1160553.0,242244.0,451221.0,467087.0,8.7,3.2,4700.0,6e3,33782.0,2301354.0,40084.0,2073696.0,38890.0,3037442.0,35650.0,4188916.0,11601408.0,637229.0,693869.0,470829.0,56640.0,76367.0,81476.0,157843.0,FALSE,139e3,20300.0,5200.0,8200.0,33e3,16e3,375e3,13e3,18e3,170.0,6200.0,19800.0,1380.0,150.0,0.338,61e3,1261721.0,108672.0,77747.0,73246.0,306.0,60354.0,18.0,0.81,0.85,22e3,4783208.0,1152710.14,571699.0,41041.0,35832183.0,873.0,345847.0,0.716,-7.9,1469.1320000000014,11.0
Missouri ,MO,13.2,9.8,3.4,203e3,3389e3,44e3,2148e3,581e3,775e3,792e3,2778803.0,596633.0,1084657.0,1097512.0,6.6,5.7,700.0,1300.0,385823.0,16126519.0,244764.0,10752433.0,206610.0,13004025.0,185563.0,16341955.0,56224932.0,846084.0,967284.0,624612.0,121200.0,133762.0,39350.0,173112.0,FALSE,191e3,27800.0,7100.0,11300.0,45e3,22e3,516e3,17e3,25e3,230.0,8600.0,27200.0,1370.0,200.0,0.342,91e3,2601893.0,290201.0,252044.0,225878.0,315.0,148033.0,17.0,0.73,0.78,83e3,1e6,NA,1163543.0,107008.0,102895608.0,962.0,580049.0,0.728,-7.1,2311.214,13.0
Montana ,MT,17.3,11.6,5.7,58e3,51e4,7e3,319e3,81e3,122e3,116e3,401717.0,83639.0,157979.0,160099.0,NA,7.1,NA,NA,541.0,141882.0,262.0,6840.0,0.0,0.0,0.0,0.0,148722.0,148974.0,224048.0,120626.0,75074.0,15939.0,9250.0,25189.0,TRUE,32e3,4700.0,1300.0,2e3,8e3,4e3,88e3,3e3,4e3,40.0,1500.0,4600.0,140.0,30.0,NA,NA,426361.0,58114.0,51758.0,44091.0,306.0,23479.0,21.0,0.77,0.8,14e3,1e6,NA,209389.0,13384.0,12097212.0,904.0,106395.0,0.653,-5.8,231.0020000000004,4.0
Nebraska ,NE,11.5,8.2,3.3,62e3,11e5,14e3,701e3,192e3,252e3,257e3,923926.0,201150.0,361309.0,361467.0,6.9,4.1,2300.0,3e3,28020.0,654321.0,15032.0,1150368.0,86.0,67849.0,747.0,95032.0,1967570.0,244600.0,242702.0,161173.0,-1898.0,35151.0,3516.0,38667.0,FALSE,42e3,6100.0,1400.0,2600.0,1e4,5e3,113e3,4e3,6e3,50.0,1900.0,6e3,200.0,40.0,0.313,21e3,767878.0,87835.0,80213.0,72091.0,296.0,41950.0,13.0,0.77,0.82,14e3,3e6,1068804.31,322796.0,30366.0,27674906.0,911.0,193448.0,0.718,-8.3,735.1869999999999,7.0
Nevada,NV,22.6,12.3,10.3,294e3,1505e3,19e3,937e3,269e3,339e3,329e3,1168797.0,261378.0,451754.0,455665.0,NA,6.9,NA,NA,50969.0,3189949.0,53048.0,3318456.0,24101.0,3493603.0,28636.0,6175582.0,16177590.0,332560.0,614298.0,295720.0,281738.0,27107.0,25102.0,52209.0,TRUE,9e4,13100.0,3700.0,5500.0,21e3,1e4,242e3,8e3,12e3,110.0,4e3,12800.0,500.0,90.0,NA,NA,1157045.0,88145.0,79876.0,71472.0,268.0,48736.0,26.0,0.7,0.76,27e3,6138972.0,NA,471747.0,34285.0,33160363.0,967.0,187012.0,0.649,-5.6,529.4400000000005,7.0
New Hampshire ,NH,11.1,6.3,4.8,63e3,853e3,9e3,545e3,14e4,197e3,208e3,690524.0,132043.0,272532.0,285949.0,7.3,4.8,2400.0,3300.0,13004.0,673453.0,12795.0,1457985.0,281.0,132855.0,0.0,0.0,2264293.0,127082.0,189429.0,94622.0,62347.0,20839.0,12241.0,33080.0,TRUE,22e3,3200.0,1e3,1400.0,5e3,3e3,6e4,2e3,3e3,30.0,1e3,3200.0,210.0,20.0,NA,NA,597050.0,55183.0,49114.0,31151.0,261.0,17376.0,32.0,0.42,0.49,3e3,8764186.0,1120164.0,275803.0,21026.0,22023187.0,1047.0,176282.0,0.744,-2.5,151.7470000000003,8.0
New Jersey ,NJ,13.2,8.7,4.5,398e3,545e4,59e3,3274e3,877e3,1183e3,1214e3,4210183.0,887353.0,1621714.0,1701115.0,6.4,5.4,800.0,1400.0,220011.0,10768382.0,42300.0,3434389.0,20320.0,1161336.0,116900.0,2634720.0,17998827.0,1283851.0,1784529.0,848216.0,500678.0,185430.0,25470.0,210900.0,TRUE,194e3,28300.0,7300.0,12e3,46e3,22e3,524e3,18e3,26e3,230.0,8700.0,27600.0,1490.0,200.0,NA,NA,3847727.0,288573.0,249395.0,205242.0,322.0,129277.0,19.0,0.54,0.61,44e3,6325261.0,NA,1528961.0,211881.0,262865304.0,1241.0,940537.0,0.772,-13.3,6773.572,29.0
New Mexico,NM,19.6,10.9,8.7,178e3,884e3,15e3,555e3,148e3,194e3,213e3,735472.0,151593.0,278722.0,305157.0,8.5,4.3,3800.0,5100.0,16762.0,158714.0,0.0,0.0,10703.0,1266980.0,0.0,0.0,1425694.0,457678.0,766732.0,358107.0,309054.0,55415.0,33661.0,89076.0,TRUE,82e3,12e3,3100.0,4700.0,19e3,9e3,222e3,8e3,11e3,100.0,3700.0,11700.0,190.0,90.0,NA,NA,861621.0,54865.0,47497.0,32703.0,212.0,22655.0,20.0,0.56,0.65,8e3,7204929.0,1159064.0,385918.0,23642.0,23792440.0,1006.0,156682.0,0.634,-2.6,118.43199999999979,3.0
New York,NY,11.9,7.1,4.8,939e3,10895e3,147e3,6432e3,1609e3,2294e3,2529e3,8619856.0,1666177.0,3371547.0,3582133.0,7.6,5.9,1600.0,2500.0,608740.0,27943748.0,571041.0,10125994.0,285390.0,6657645.0,276804.0,23154640.0,67882027.0,5678417.0,6431165.0,2467177.0,752748.0,702566.0,138749.0,841315.0,TRUE,143e3,20800.0,7100.0,8800.0,34e3,16e3,385e3,13e3,19e3,170.0,6400.0,20300.0,5210.0,150.0,NA,NA,8616234.0,271964.0,224014.0,123830.0,178.0,40544.0,71.0,NA,NA,68e3,9998743.0,1244446.34,3424666.0,359127.0,429276680.0,1195.0,1486645.0,0.744,-10.6,8407.361000000004,38.0
North Carolina ,NC,16.8,11.2,5.6,552e3,4934e3,7e4,3091e3,804e3,1101e3,1186e3,3966308.0,813423.0,1521574.0,1631312.0,7.5,4.7,2400.0,3300.0,170192.0,7678199.0,136641.0,5757595.0,147076.0,6535508.0,49235.0,7588265.0,27559567.0,1595952.0,2072282.0,1430363.0,476330.0,240953.0,78767.0,319720.0,FALSE,313e3,45600.0,11500.0,19100.0,74e3,36e3,845e3,29e3,42e3,380.0,14e3,44500.0,3670.0,330.0,0.267,144e3,4099922.0,613487.0,545354.0,499178.0,401.0,360045.0,10.0,0.82,0.85,138e3,4984080.0,1114013.82,1823454.0,173412.0,175662465.0,1013.0,950381.0,0.765,-6.5,2472.1100000000006,20.0
North Dakota ,ND,9.8,7.8,2.0,15e3,45e4,7e3,253e3,66e3,94e3,93e3,359032.0,75742.0,142235.0,141055.0,7.4,5.0,1900.0,2700.0,0.0,0.0,0.0,0.0,0.0,0.0,0.0,0.0,0.0,69980.0,89763.0,41959.0,19783.0,10871.0,2930.0,13801.0,TRUE,18e3,2600.0,600.0,1100.0,4e3,2e3,48e3,2e3,2e3,20.0,800.0,2600.0,220.0,20.0,NA,NA,275556.0,21604.0,20536.0,17630.0,262.0,9199.0,19.0,0.71,0.77,4e3,1e6,NA,122294.0,11866.0,11470436.0,967.0,71547.0,0.729,-6.5,267.10000000000036,3.0
Ohio ,OH,12.3,6.5,5.8,664e3,6831e3,81e3,4154e3,11e5,1512e3,1542e3,5240575.0,1070945.0,2049292.0,2120337.0,7.1,5.3,1500.0,2300.0,4158.0,126190.0,31802.0,777679.0,28722.0,1098474.0,63490.0,1187002.0,3189345.0,2341481.0,3003170.0,1260252.0,661689.0,206885.0,121737.0,328622.0,TRUE,381e3,55500.0,14900.0,22300.0,91e3,44e3,1029e3,35e3,51e3,460.0,17100.0,54200.0,5030.0,400.0,NA,NA,5053131.0,243715.0,212046.0,174448.0,250.0,95312.0,45.0,0.51,0.6,64e3,5091507.0,NA,2208504.0,237303.0,258550550.0,1090.0,885625.0,0.716,-10.6,5404.684000000001,19.0
Oklahoma ,OK,18.9,13.9,5.0,192e3,1948e3,29e3,1197e3,317e3,43e4,45e4,1556695.0,330670.0,598873.0,627152.0,6.4,5.4,800.0,1300.0,174513.0,10212156.0,70381.0,5604352.0,74671.0,5488984.0,26001.0,1871932.0,23177424.0,790051.0,788544.0,512059.0,-1507.0,91920.0,21795.0,113715.0,FALSE,127e3,18500.0,5e3,7500.0,3e4,15e3,343e3,12e3,17e3,150.0,5700.0,18100.0,770.0,130.0,0.332,71e3,1578794.0,145329.0,130178.0,113209.0,298.0,81053.0,13.0,0.84,0.86,33e3,NA,NA,693677.0,65788.0,67925763.0,1032.0,388681.0,0.706,-10.3,1877.7019999999975,7.0
Oregon,OR,17.1,7.0,10.1,403e3,207e4,28e3,1356e3,342e3,485e3,529e3,1737240.0,346157.0,669765.0,721318.0,7.5,4.5,2600.0,3500.0,10918.0,2064985.0,26110.0,1615836.0,28010.0,2540524.0,9375.0,144946.0,6366291.0,626356.0,1021862.0,416789.0,395506.0,76890.0,46415.0,123305.0,TRUE,159e3,23200.0,6e3,9700.0,38e3,18e3,429e3,15e3,21e3,190.0,7100.0,22600.0,740.0,170.0,NA,NA,1692205.0,147109.0,131167.0,95507.0,253.0,52960.0,28.0,0.56,0.62,26e3,9814586.0,1245919.0,784032.0,54007.0,50494389.0,935.0,269101.0,0.664,-0.7,75.1989999999987,4.0
Pennsylvania ,PA,10.2,6.4,3.8,479e3,7502e3,89e3,4582e3,1136e3,1677e3,1769e3,6127383.0,1170391.0,2445708.0,2511285.0,7.3,5.1,1900.0,2700.0,37218.0,821449.0,2662.0,707524.0,244.0,86004.0,1480.0,254243.0,1869220.0,2386046.0,2883114.0,1375842.0,497068.0,357932.0,84568.0,442500.0,TRUE,261e3,38e3,9500.0,15100.0,62e3,3e4,704e3,24e3,35e3,310.0,11700.0,37100.0,3350.0,280.0,NA,NA,5489162.0,439238.0,412347.0,321345.0,248.0,227304.0,12.0,0.71,0.75,111e3,5312084.0,1486251.0,2588577.0,297606.0,313453847.0,1053.0,1081445.0,0.747,-8.3,4995.045999999995,27.0
Rhode Island,RI,12.2,5.7,6.5,68e3,597e3,8e3,374e3,89e3,138e3,147e3,484193.0,90706.0,191892.0,201595.0,NA,3.5,NA,NA,1265.0,18053.0,710.0,48696.0,0.0,0.0,0.0,0.0,66749.0,190833.0,287173.0,115307.0,96340.0,33142.0,7296.0,40438.0,TRUE,22e3,3200.0,700.0,1400.0,5e3,3e3,6e4,2e3,3e3,30.0,1e3,3200.0,270.0,20.0,NA,NA,462538.0,34670.0,35583.0,30015.0,250.0,21270.0,NA,NA,NA,4e3,8636923.0,1090263.35,208324.0,15785.0,14392653.0,912.0,92065.0,0.764,-10.5,486.9499999999998,5.0
South Carolina ,SC,17.5,10.9,6.6,317e3,2487e3,35e3,1458e3,397e3,495e3,566e3,1955568.0,406798.0,726416.0,822354.0,7.2,4.8,2e3,2800.0,13541.0,153575.0,98621.0,2855793.0,7201.0,600331.0,26.0,1387.0,3611086.0,889744.0,994804.0,630610.0,105060.0,127328.0,26210.0,153538.0,FALSE,16e4,23300.0,6500.0,9700.0,38e3,18e3,432e3,15e3,21e3,190.0,7200.0,22800.0,1250.0,170.0,0.324,87e3,1991315.0,231849.0,204846.0,186345.0,312.0,150030.0,25.0,0.68,0.74,21e3,1e6,NA,974114.0,98589.0,107311751.0,1088.0,549051.0,0.756,-6.1,1236.8450000000012,12.0
South Dakota ,SD,12.4,10.2,2.2,19e3,449e3,6e3,295e3,82e3,104e3,109e3,392422.0,85614.0,152850.0,153957.0,6.4,5.2,900.0,1400.0,784.0,41240.0,867.0,2582.0,0.0,0.0,0.0,0.0,43822.0,115501.0,119835.0,82431.0,4334.0,11970.0,7429.0,19399.0,FALSE,25e3,3600.0,900.0,1500.0,6e3,3e3,68e3,2e3,3e3,30.0,1100.0,3600.0,190.0,30.0,NA,NA,345932.0,25999.0,24578.0,22005.0,307.0,15108.0,17.0,0.79,0.83,17e3,4000923.0,NA,161464.0,13616.0,12395059.0,910.0,87816.0,0.699,-11.4,515.094,3.0
Tennessee ,TN,14.4,10.3,4.1,266e3,3369e3,47e3,2042e3,523e3,744e3,775e3,2745436.0,549675.0,1076050.0,1119711.0,6.9,4.2,2100.0,2800.0,79428.0,1968764.0,281481.0,6401466.0,26110.0,1303715.0,25197.0,2408730.0,12082675.0,1244516.0,1627100.0,NA,382584.0,146943.0,125949.0,272892.0,FALSE,179e3,26100.0,7300.0,10700.0,43e3,2e4,483e3,16e3,24e3,220.0,8e3,25500.0,1770.0,190.0,0.358,114e3,2764651.0,268867.0,231705.0,203112.0,299.0,138272.0,7.0,0.81,0.83,79e3,4979002.0,NA,1266920.0,114993.0,109733424.0,954.0,600644.0,0.748,-8.7,2904.5440000000017,15.0
Texas ,TX,23.7,17.1,6.6,1781e3,13709e3,205e3,7536e3,2094e3,2671e3,2771e3,10278005.0,2258657.0,3990134.0,4029215.0,8.1,3.5,4300.0,5400.0,100975.0,5435404.0,42097.0,1870997.0,26009.0,5845356.0,18925.0,6930691.0,20082448.0,4441605.0,4770229.0,3512929.0,328624.0,374617.0,298977.0,673594.0,FALSE,1107e3,161300.0,40400.0,68900.0,263e3,127e3,2989e3,101e3,147e3,1330.0,49600.0,157400.0,5440.0,1170.0,0.232,406e3,10694840.0,1306208.0,1092650.0,913177.0,271.0,646415.0,26.0,0.73,0.78,252e3,5326798.0,NA,3765946.0,346750.0,366381273.0,1057.0,1746043.0,0.717,-5.8,4960.198000000004,37.0
Utah ,UT,15.3,10.5,4.8,143e3,1897e3,25e3,1183e3,411e3,385e3,387e3,1509455.0,431216.0,538759.0,539479.0,7.2,4.9,1900.0,2600.0,89203.0,3850128.0,93127.0,2486251.0,703.0,337213.0,1172.0,201132.0,6874724.0,294029.0,314182.0,221678.0,20153.0,30334.0,6154.0,36488.0,FALSE,68e3,9900.0,1800.0,4100.0,16e3,8e3,184e3,6e3,9e3,80.0,3e3,9700.0,240.0,70.0,0.4,42e3,1150918.0,175637.0,164415.0,145288.0,187.0,106589.0,22.0,0.76,0.82,56e3,8750077.0,996216.82,358887.0,28336.0,27106568.0,957.0,146179.0,0.679,-5.7,261.3239999999996,3.0
Vermont,VT,8.0,3.8,4.2,26e3,345e3,5e3,215e3,46e3,82e3,87e3,285858.0,47185.0,115781.0,122892.0,NA,5.6,NA,NA,5248.0,126810.0,0.0,0.0,0.0,0.0,0.0,0.0,126810.0,161081.0,175597.0,64429.0,14516.0,20948.0,7674.0,28622.0,TRUE,3e3,500.0,NA,NA,1e3,NA,9e3,NA,NA,NA,200.0,500.0,110.0,NA,NA,NA,280727.0,29440.0,27883.0,19575.0,300.0,9751.0,NA,NA,NA,1e3,5983045.0,NA,136021.0,10955.0,12077364.0,1102.0,87184.0,0.728,0.7,-21.0,3.0
Virginia ,VA,13.1,9.1,4.0,327e3,485e4,59e3,2974e3,817e3,1036e3,1121e3,3902716.0,847534.0,1467520.0,1587663.0,7.6,4.8,2500.0,3400.0,216242.0,10272687.0,69062.0,8085302.0,163018.0,10625792.0,246593.0,15982185.0,44965966.0,935434.0,988821.0,661558.0,53387.0,122448.0,63928.0,186376.0,FALSE,179e3,26100.0,6800.0,11100.0,43e3,2e4,483e3,16e3,24e3,220.0,8e3,25500.0,1240.0,190.0,0.348,102e3,3491076.0,421897.0,378838.0,319068.0,276.0,222233.0,34.0,0.67,0.73,56e3,1e6,NA,1392261.0,114138.0,115809752.0,1015.0,813642.0,0.762,-6.3,2301.949999999997,25.0
Washington,WA,14.2,6.6,7.6,537e3,3986e3,5e4,2427e3,58e4,91e4,937e3,3079369.0,596597.0,1224572.0,1258201.0,8.1,3.2,4300.0,5500.0,381.0,20550.0,0.0,0.0,31694.0,129860.0,2897.0,441587.0,591997.0,1117576.0,1788536.0,832561.0,670960.0,127464.0,57695.0,185159.0,TRUE,55e3,8e3,1900.0,3300.0,13e3,6e3,148e3,5e3,7e3,70.0,2500.0,7800.0,680.0,60.0,NA,NA,2969739.0,200691.0,158245.0,110476.0,238.0,66083.0,NA,NA,NA,53e3,5586169.0,528441.0,1238649.0,74902.0,73272041.0,978.0,543203.0,0.681,-7.2,1388.0010000000002,6.0
West Virginia ,WV,14.6,6.0,8.6,156e3,976e3,12e3,581e3,147e3,215e3,219e3,772905.0,152226.0,304602.0,316077.0,7.6,5.2,2100.0,3e3,1954.0,271978.0,1186.0,285783.0,457.0,106185.0,7055.0,737553.0,1401499.0,354544.0,575645.0,228688.0,221101.0,46046.0,35763.0,81809.0,TRUE,68e3,1e4,2800.0,4e3,16e3,8e3,185e3,6e3,9e3,80.0,3100.0,9700.0,840.0,70.0,NA,NA,799920.0,37284.0,33235.0,29163.0,388.0,17414.0,13.0,0.63,0.69,15e3,4e6,NA,423500.0,45280.0,54194138.0,1197.0,213916.0,0.707,-6.5,777.3700000000008,11.0
Wisconsin ,WI,9.4,5.7,3.7,211e3,3521e3,41e3,2142e3,58e4,771e3,791e3,2804258.0,573028.0,1107770.0,1123460.0,7.4,4.0,3100.0,4100.0,99129.0,2802562.0,0.0,0.0,2033.0,201289.0,0.0,0.0,3003851.0,985531.0,1046897.0,493942.0,61366.0,140021.0,21617.0,161638.0,FALSE,21e3,3100.0,700.0,1200.0,5e3,2e3,57e3,2e3,3e3,30.0,900.0,3e3,280.0,20.0,NA,NA,2489279.0,239034.0,224208.0,190542.0,332.0,123307.0,44.0,0.63,0.69,51e3,6137844.0,NA,1084854.0,90303.0,93517959.0,1036.0,481012.0,0.751,-7.1,1372.7439999999988,13.0
Wyoming,WY,14.9,11.5,3.4,2e4,335e3,4e3,196e3,54e3,73e3,69e3,267259.0,58596.0,107459.0,101204.0,NA,4.1,NA,NA,3049.0,1275555.0,2120.0,795143.0,484.0,266734.0,0.0,0.0,2337432.0,67518.0,63583.0,39804.0,-3935.0,6744.0,3780.0,10524.0,FALSE,14e3,2e3,600.0,1e3,3e3,2e3,38e3,1e3,2e3,20.0,600.0,2e3,110.0,10.0,0.302,6e3,241133.0,23770.0,22076.0,20313.0,459.0,12235.0,28.0,0.68,0.74,5e3,NA,NA,99128.0,8008.0,7634708.0,953.0,56898.0,0.621,-6.0,109.53800000000001,3.0
